{
    "alpha_0": {
        "S1": [
            [
                0.34038448750701195,
                0.6689273298816597,
                0.00038353532402198346,
                0.006746286199375075
            ],
            [
                0.330690064779469,
                0.6594563780535612,
                0.0,
                0.0006003013298522131
            ],
            [
                0.3404939779838281,
                0.642534831308659,
                0.0,
                0.0014463872664141873
            ],
            [
                0.334984746137974,
                0.6473756835060694,
                0.00024026118698054985,
                0.0
            ],
            [
                0.33726956255983054,
                0.655469867705316,
                0.0,
                0.0005946445880704991
            ]
        ],
        "ST": [
            [
                0.3408908303638019,
                0.6949733834659144,
                4.577337106460206e-05,
                0.002484416146101898
            ],
            [
                0.34994073004801196,
                0.6698694935993555,
                1.3747046326713106e-05,
                0.0015570225598039264
            ],
            [
                0.354901670239763,
                0.6560704968041412,
                3.294542046542272e-05,
                0.0013110938378121768
            ],
            [
                0.34478645809264896,
                0.6592557240335188,
                3.959378642062543e-05,
                0.001541820266871491
            ],
            [
                0.3469334942846262,
                0.6632772309393825,
                2.0637478561320545e-05,
                0.0015513324438722047
            ]
        ],
        "elapsed_times": [
            0.623765786488851,
            0.9848777055740356,
            1.8167077700297039,
            3.340649962425232,
            16.338884194691975
        ],
        "sample_sizes": [
            64,
            128,
            256,
            512,
            1024
        ]
    },
    "beta_0": {
        "S1": [
            [
                0.03981829594399961,
                0.7809006099855709,
                0.0,
                0.006629140396568279
            ],
            [
                0.09618392099383433,
                0.7851898771642,
                0.0008057822312599167,
                0.0
            ],
            [
                0.0642275815150356,
                0.8211534353176994,
                0.0,
                0.0
            ],
            [
                0.08390170613884997,
                0.7667024639381016,
                0.0,
                0.0
            ],
            [
                0.0994534423178773,
                0.791988024424481,
                0.00032872241801936125,
                0.0016305681304281412
            ]
        ],
        "ST": [
            [
                0.20940958866501466,
                0.8825892576382999,
                0.0005401773928678254,
                0.004062585258071945
            ],
            [
                0.21980524414060507,
                0.90096153625988,
                0.0002891598091939042,
                0.0023012397561080985
            ],
            [
                0.20580903604509795,
                0.9480478286479475,
                0.0002847905793493701,
                0.0029453750711136294
            ],
            [
                0.217051879517244,
                0.9040930748653119,
                0.0006667917946192206,
                0.003620815313930919
            ],
            [
                0.21766951072095073,
                0.9060739990989498,
                0.0007010992284746854,
                0.0031001729388271814
            ]
        ],
        "elapsed_times": [
            0.623765786488851,
            0.9848777055740356,
            1.8167077700297039,
            3.340649962425232,
            16.338884194691975
        ],
        "sample_sizes": [
            64,
            128,
            256,
            512,
            1024
        ]
    },
    "alpha_1": {
        "S1": [
            [
                0.49414475599298274,
                0.15339333593378382,
                0.002979009744096102,
                0.0036284361948174665
            ],
            [
                0.5555757023802504,
                0.06944969823351373,
                0.0017901779763980575,
                0.006157814048941851
            ],
            [
                0.5661861807872121,
                0.31533658470297654,
                0.003702474876579785,
                0.0
            ],
            [
                0.5397636239300484,
                0.20507487396540242,
                0.0017549820639924617,
                0.00027944260285909194
            ],
            [
                0.587914721565185,
                0.19793156379738785,
                0.0,
                0.0
            ]
        ],
        "ST": [
            [
                0.8333791503030774,
                0.3493553638794966,
                0.007720282791345798,
                0.010184019798578097
            ],
            [
                0.722198159268485,
                0.3845400073101811,
                0.003169472891100652,
                0.0031397239894460603
            ],
            [
                0.8447212792266835,
                0.46768793780870727,
                0.004159989268778594,
                0.005475219209244018
            ],
            [
                0.787844955310222,
                0.4059780121611008,
                0.0046616096930361,
                0.005371287516438912
            ],
            [
                0.7957486372635052,
                0.4121778257720719,
                0.004271001500825819,
                0.005363589796511923
            ]
        ],
        "elapsed_times": [
            0.623765786488851,
            0.9848777055740356,
            1.8167077700297039,
            3.340649962425232,
            16.338884194691975
        ],
        "sample_sizes": [
            64,
            128,
            256,
            512,
            1024
        ]
    },
    "beta_1": {
        "S1": [
            [
                0.015155736869393997,
                0.9607565702821784,
                0.00046579633696157375,
                0.030772440140425506
            ],
            [
                0.023817340128712745,
                0.9838752413942785,
                0.0,
                0.007267716833855686
            ],
            [
                0.01734677224442856,
                0.9453376705394365,
                0.00022301443736760058,
                0.004794215263972425
            ],
            [
                0.021085876299418105,
                0.9194568897291858,
                0.0,
                0.0025526472649435687
            ],
            [
                0.028395907324785998,
                0.9317181336268426,
                0.0,
                0.011608693328842424
            ]
        ],