{
    "point_estimate_q": [
        4.495861390058934,
        3.5914919640984757,
        3.5648444958123555,
        3.281832636460006
    ],
    "true_q": [
        4.500319096087053,
        3.588520130895525,
        3.892453680047399,
        3.507921963685764
    ],
    "final_loss": 0.0007294160371913043,
    "abs_error": [
        0.004457706028119013,
        0.002971833202950691,
        0.3276091842350435,
        0.22608932722575803
    ],
    "y_obs": [
        22.983838321412936,
        1.0661741201967838,
        164.85229983476034,
        1.1741267483193547,
        75.54143583109779,
        1.0568237662888793
    ]
}