{
    "point_estimate_q": [
        4.501793734627368,
        3.589375698562473,
        3.822189590633987,
        3.527985349724448
    ],
    "true_q": [
        4.500319096087053,
        3.588520130895525,
        3.892453680047399,
        3.507921963685764
    ],
    "final_loss": 0.0008858735977351986,
    "abs_error": [
        0.001474638540314821,
        0.0008555676669481649,
        0.07026408941341211,
        0.020063386038684072
    ],
    "y_obs": [
        22.940285816637953,
        0.9948839977343126,
        164.78407280074615,
        1.2247321659364234,
        75.52480918146489,
        1.0479397372104713
    ]
}