{
    "point_estimate_q": [
        4.489744038382948,
        3.6103990465717573,
        3.4436798162533315,
        3.548190983323658
    ],
    "true_q": [
        4.500319096087053,
        3.588520130895525,
        3.892453680047399,
        3.507921963685764
    ],
    "final_loss": 0.0004940537869588174,
    "abs_error": [
        0.020869360747992616,
        0.02671739744608015,
        1.9074530528267581,
        0.7477671292885462
    ],
    "y_obs": [
        22.862490198039374,
        1.0031476487806554,
        164.76557955459535,
        1.2065035064851948,
        75.4789151712676,
        1.146112536923658
    ]
}