{
    "inferred_params_mean": [
        4.463653062772335,
        3.6258414108682624,
        2.4651400913477595,
        2.749578556575279
    ],
    "inferred_params_std": [
        0.11722561014124361,
        0.07965769297321793,
        1.3171620349023712,
        1.3268880578981705
    ],
    "true_q": [
        4.500319096087053,
        3.588520130895525,
        3.892453680047399,
        3.507921963685764
    ],
    "abs_errors": [
        0.036666033314718405,
        0.037321279972737376,
        1.4273135886996395,
        0.7583434071104853
    ],
    "y_obs": [
        23.017525902751757,
        1.1816054174946102,
        164.83281172924143,
        1.2631838158466269,
        75.52612834613838,
        1.0369946188708599
    ],
    "noise_std": 0.05,
    "nwalkers": 32,
    "nsteps": 10000,
    "burnin": 5000,
    "thin": 10,
    "ndim": 4,
    "effective_samples_approx": "N/A"
}