{
    "inferred_params_mean": [
        3.2371608922654587,
        3.95208135434947,
        1.5601517014976984,
        2.008489890412841
    ],
    "inferred_params_std": [
        1.665973767109437,
        0.9331872961580161,
        1.8587294706409443,
        1.748652487340766
    ],
    "true_q": [
        4.500319096087053,
        3.588520130895525,
        3.892453680047399,
        3.507921963685764
    ],
    "abs_errors": [
        1.2631582038215945,
        0.3635612234539449,
        2.3323019785497006,
        1.499432073272923
    ],
    "y_obs": [
        22.940285816637953,
        0.9948839977343126,
        164.78407280074615,
        1.2247321659364234,
        75.52480918146489,
        1.0479397372104713
    ],
    "noise_std": 0.05,
    "nwalkers": 32,
    "nsteps": 10000
}