{
    "inferred_params_mean": [
        4.009669594638244,
        3.3497545082840126,
        2.1437010647014523,
        2.367617650033449
    ],
    "inferred_params_std": [
        1.4406017610651065,
        0.776496651635776,
        1.7385549636626307,
        1.3089523056416543
    ],
    "true_q": [
        4.500319096087053,
        3.588520130895525,
        3.892453680047399,
        3.507921963685764
    ],
    "abs_errors": [
        0.49064950144880903,
        0.23876562261151246,
        1.7487526153459467,
        1.1403043136523152
    ],
    "y_obs": [
        22.912589913112267,
        1.0494926011897727,
        164.82392125307595,
        1.2605896035372335,
        75.41004746310433,
        1.0969896472652838
    ],
    "noise_std": 0.05,
    "nwalkers": 32,
    "nsteps": 5000
}