{
    "inferred_params_mean": [
        4.470255625222339,
        3.590152883109671,
        2.597639861776988,
        2.7709058664733592
    ],
    "inferred_params_std": [
        0.11057065292680723,
        0.07630294931677757,
        1.3002250188893794,
        1.3347841476499052
    ],
    "true_q": [
        4.500319096087053,
        3.588520130895525,
        3.892453680047399,
        3.507921963685764
    ],
    "abs_errors": [
        0.030063470864714503,
        0.0016327522141459383,
        1.294813818270411,
        0.7370160972124049
    ],
    "y_obs": [
        22.90524435486261,
        1.0519046798591012,
        164.86239576948736,
        1.221408769882657,
        75.45083987129586,
        1.1054849721874025
    ],
    "noise_std": 0.05,
    "nwalkers": 32,
    "nsteps": 50000,
    "burnin": 5000,
    "thin": 10,
    "ndim": 4
}