{"results": {"alpha_0": {"S1": [0.3372695625598306, 0.6554698677053161, 0.0, 0.0005946445880704976], "ST": [0.3469334942846263, 0.6632772309393825, 2.0637478561320576e-05, 0.001551332443872205], "S2": [[NaN, 0.008926233221687285, 0.0012111217057969939, 0.00189182481002344], [NaN, NaN, 8.03375438767431e-05, 0.0006752759971016708], [NaN, NaN, NaN, 0.00013860111137634253], [NaN, NaN, NaN, NaN]]}, "beta_0": {"S1": [0.09945344231787731, 0.791988024424481, 0.00032872241801935973, 0.0016305681304281407], "ST": [0.2176695107209507, 0.9060739990989498, 0.0007010992284746852, 0.0031001729388271814], "S2": [[NaN, 0.11329612726779736, -0.0022576315151688073, -0.0014734526090545443], [NaN, NaN, -0.0012705827040562926, -0.003868916157261233], [NaN, NaN, NaN, 0.0005228204025747494], [NaN, NaN, NaN, NaN]]}, "alpha_1": {"S1": [0.587914721565185, 0.19793156379738785, 0.0, 0.0], "ST": [0.7957486372635052, 0.4121778257720719, 0.004271001500825819, 0.005363589796511923], "S2": [[NaN, 0.19894601290269354, -0.01897168986327189, -0.009756827312767414], [NaN, NaN, 0.0006379367139528105, -0.0070143478642286875], [NaN, NaN, NaN, 0.0058000739415363725], [NaN, NaN, NaN, NaN]]}, "beta_1": {"S1": [0.02839590732478599, 0.9317181336268426, 0.0, 0.01160869332884242], "ST": [0.06204999251192104, 0.9566896942325934, 0.005650788304837766, 0.0343442509090418], "S2": [[NaN, 0.01855564418943234, 0.0022555223231258957, 0.004364777039625253], [NaN, NaN, 0.012342758592975353, 0.0012283014722534822], [NaN, NaN, NaN, 0.003813846931452765], [NaN, NaN, NaN, NaN]]}, "alpha_2": {"S1": [0.6223711782990596, 0.1580401794747013, 0.0, 0.0001964502270875059], "ST": [0.8403020710416222, 0.382276891088749, 0.000712239815478482, 0.004928646208954928], "S2": [[NaN, 0.2141272353316744, -0.010275558394267515, -0.0039597066947011685], [NaN, NaN, 0.0023219652974792275, 0.001309008254121776], [NaN, NaN, NaN, 0.002030183919805863], [NaN, NaN, NaN, NaN]]}, "beta_2": {"S1": [0.011371018460608642, 0.9580760111894435, 0.0, 0.012116090914045233], "ST": [0.04912287435182607, 0.9846202746900917, 0.002875284121223427, 0.023821080673114524], "S2": [[NaN, 0.028550466167033717, 0.0067594131173500825, 0.00835713591114587], [NaN, NaN, 0.006332820923117421, -0.0003033567899828702], [NaN, NaN, NaN, 0.0018050561773347313], [NaN, NaN, NaN, NaN]]}}, "validation": {}}