{"results": {"alpha_0": {"S1": [0.33726956255983054, 0.655469867705316, 0.0, 0.0005946445880704991], "ST": [0.3469334942846262, 0.6632772309393825, 2.0637478561320545e-05, 0.0015513324438722047], "S2": [[NaN, 0.008926233221687174, 0.0012111217057970483, 0.0018918248100234388], [NaN, NaN, 8.033754387663108e-05, 0.0006752759971016694], [NaN, NaN, NaN, 0.00013860111137635066], [NaN, NaN, NaN, NaN]]}, "beta_0": {"S1": [0.0994534423178773, 0.791988024424481, 0.00032872241801936125, 0.0016305681304281412], "ST": [0.21766951072095073, 0.9060739990989498, 0.0007010992284746854, 0.0031001729388271814], "S2": [[NaN, 0.11329612726779736, -0.002257631515168809, -0.0014734526090545586], [NaN, NaN, -0.0012705827040564053, -0.0038689161572611225], [NaN, NaN, NaN, 0.0005228204025747459], [NaN, NaN, NaN, NaN]]}, "alpha_1": {"S1": [0.587914721565185, 0.19793156379738785, 0.0, 0.0], "ST": [0.7957486372635052, 0.4121778257720719, 0.004271001500825819, 0.005363589796511923], "S2": [[NaN, 0.19894601290269354, -0.01897168986327189, -0.009756827312767414], [NaN, NaN, 0.0006379367139528105, -0.0070143478642286875], [NaN, NaN, NaN, 0.0058000739415363725], [NaN, NaN, NaN, NaN]]}, "beta_1": {"S1": [0.028395907324785998, 0.9317181336268426, 0.0, 0.011608693328842424], "ST": [0.06204999251192104, 0.9566896942325934, 0.0056507883048377665, 0.0343442509090418], "S2": [[NaN, 0.01855564418943234, 0.0022555223231258896, 0.0043647770396252426], [NaN, NaN, 0.01234275859297558, 0.0012283014722534787], [NaN, NaN, NaN, 0.003813846931452758], [NaN, NaN, NaN, NaN]]}, "alpha_2": {"S1": [0.6223711782990596, 0.1580401794747013, 0.0, 0.0001964502270875059], "ST": [0.8403020710416222, 0.382276891088749, 0.000712239815478482, 0.004928646208954928], "S2": [[NaN, 0.2141272353316744, -0.010275558394267515, -0.0039597066947011685], [NaN, NaN, 0.0023219652974792275, 0.001309008254121776], [NaN, NaN, NaN, 0.002030183919805863], [NaN, NaN, NaN, NaN]]}, "beta_2": {"S1": [0.011371018460608642, 0.9580760111894434, 0.0, 0.012116090914045238], "ST": [0.049122874351826065, 0.9846202746900916, 0.002875284121223426, 0.02382108067311452], "S2": [[NaN, 0.028550466167033717, 0.006759413117350078, 0.008357135911145872], [NaN, NaN, 0.0063328209231174135, -0.0003033567899828754], [NaN, NaN, NaN, 0.0018050561773347296], [NaN, NaN, NaN, NaN]]}}, "validation": {}}