Parameter,MSE,R²
alpha_0,0.002243587683762129,0.9999366672463552
beta_0,3.6186915756285414e-05,0.998367019761169
alpha_1,26.54202014947905,0.986719362363915
beta_1,0.00047191341720699656,0.9839050128706275
alpha_2,1.2204164109342541,0.9974065738823116
beta_2,0.00018993088898336898,0.9943402009210486
